TEXT-ID	TYPE
Gos001	JI
Gos002	JI
Gos003	JI
Gos004	JI
Gos005	JI
Gos006	JI
Gos007	JI
Gos008	JI
Gos009	JI
Gos010	JI
Gos011	JI
Gos012	JI
Gos013	JI
Gos014	JI
Gos015	JI
Gos016	JI
Gos017	JI
Gos018	JI
Gos019	JI
Gos020	JI
Gos021	JI
Gos022	JI
Gos023	JI
Gos024	JI
Gos025	JI
Gos026	JI
Gos027	JI
Gos028	JI
Gos029	JI
Gos030	JI
Gos031	JI
Gos032	JI
Gos033	JI
Gos034	JI
Gos035	JI
Gos036	JI
Gos037	JI
Gos038	JI
Gos039	JI
Gos040	JI
Gos041	JI
Gos042	JI
Gos043	JI
Gos044	JI
Gos045	JI
Gos046	JI
Gos047	JI
Gos048	JI
Gos049	JI
Gos050	JI
Gos051	JI
Gos052	JI
Gos053	JI
Gos054	JI
Gos055	JI
Gos056	JI
Gos057	JI
Gos058	JI
Gos059	JI
Gos060	JI
Gos061	JI
Gos062	JI
Gos063	JI
Gos064	JI
Gos065	JI
Gos066	JI
Gos067	JI
Gos068	JI
Gos069	JI
Gos070	JI
Gos071	JI
Gos072	JI
Gos073	JI
Gos074	JI
Gos075	JI
Gos076	JI
Gos077	JI
Gos078	JI
Gos079	JI
Gos080	JI
Gos081	JI
Gos082	JI
Gos083	JI
Gos084	JI
Gos085	JI
Gos086	JI
Gos087	JI
Gos088	JI
Gos089	JI
Gos090	JI
Gos091	JI
Gos092	JI
Gos093	JI
Gos094	JI
Gos095	JI
Gos096	JI
Gos097	JI
Gos098	JI
Gos099	JI
Gos100	JI
Gos101	JI
Gos102	JI
Gos103	JI
Gos104	JI
Gos105	JI
Gos106	JI
Gos107	JI
Gos108	JI
Gos109	JI
Gos110	JI
Gos111	JI
Gos112	JI
Gos113	JI
Gos114	JI
Gos115	JI
Gos116	JI
Gos117	JI
Gos118	JI
Gos119	JI
Gos120	JI
Gos121	JI
Gos122	JI
Gos123	JI
Gos124	JI
Gos125	JI
Gos126	JI
Gos127	JI
Gos128	JI
Gos129	JI
Gos130	JR
Gos131	JR
Gos132	JR
Gos133	JR
Gos134	JR
Gos135	JR
Gos136	JR
Gos137	JR
Gos138	JR
Gos139	JR
Gos140	JR
Gos141	JR
Gos142	JR
Gos143	JR
Gos144	JR
Gos145	JR
Gos146	JR
Gos147	JR
Gos148	JR
Gos149	JR
Gos150	JR
Gos151	JR
Gos152	JR
Gos153	JR
Gos154	JR
Gos155	JR
Gos156	JR
Gos157	JR
Gos158	JR
Gos159	JR
Gos160	JR
Gos161	JR
Gos162	JR
Gos163	JR
Gos164	JR
Gos165	JR
Gos166	JR
Gos167	JR
Gos168	JR
Gos169	JR
Gos170	JR
Gos171	JR
Gos172	NN
Gos173	NN
Gos174	NN
Gos175	NN
Gos176	NN
Gos177	NN
Gos178	NN
Gos179	NN
Gos180	NN
Gos181	NN
Gos182	NN
Gos183	NN
Gos184	NN
Gos185	NN
Gos186	NN
Gos187	NN
Gos188	NN
Gos189	NN
Gos190	NN
Gos191	NN
Gos192	NN
Gos193	NN
Gos194	NN
Gos195	NN
Gos196	NN
Gos197	NN
Gos198	NN
Gos199	NN
Gos200	NN
Gos201	NN
Gos202	NN
Gos203	NN
Gos204	NN
Gos205	NN
Gos206	NN
Gos207	NN
Gos208	NN
Gos209	NN
Gos210	NN
Gos211	NN
Gos212	NN
Gos213	NN
Gos214	NN
Gos215	NN
Gos216	NN
Gos217	NZ
Gos218	NZ
Gos219	NZ
Gos220	NZ
Gos221	NZ
Gos222	NZ
Gos223	NZ
Gos224	NZ
Gos225	NZ
Gos226	NZ
Gos227	NZ
Gos228	NZ
Gos229	NZ
Gos230	NZ
Gos231	NZ
Gos232	NZ
Gos233	NZ
Gos234	NZ
Gos235	NZ
Gos236	NZ
Gos237	NZ
Gos238	NZ
Gos239	NZ
Gos240	NZ
Gos241	NZ
Gos242	NZ
Gos243	NZ
Gos244	NZ
Gos245	NZ
Gos246	NZ
Gos247	NZ
Gos248	NZ
Gos249	NZ
Gos250	NZ
Gos251	NZ
Gos252	NZ
Gos253	NZ
Gos254	NZ
Gos255	NZ
Gos256	NZ
Gos257	NZ
Gos258	NZ
Gos259	NZ
Gos260	NZ
Gos261	NZ
Gos262	NZ
Gos263	NZ
Gos264	NZ
Gos265	NZ
Gos266	NZ
Gos267	NZ
Gos268	NZ
Gos269	NZ
Gos270	NZ
Gos271	NZ
Gos272	NZ
Gos273	NZ
Gos274	NZ
Gos275	NZ
Gos276	NZ
Gos277	NZ
Gos278	NZ
Gos279	NZ
Gos280	NZ
Gos281	NZ
Gos282	NZ
Gos283	NZ
Gos284	NZ
Gos285	NZ
Gos286	NZ
Gos287	NZ
GosVL01_pravo	JI
GosVL02_kleme	JI
GosVL03_medit	JI
GosVL04_fitot	JI
GosVL05_zsrce	JI
GosVL06_kzcoi	JI
GosVL07_kungf	JI
GosVL08_droge	JI
GosVL09_ocean	JI
GosVL10_partn	JI
GosVL11_lhise	JI
GosVL12_cujec	JI
GosVL13_menin	JI
GosVL14_karci	JI
GosVL15_celia	JI
GosVL16_stara	JI
GosVL17_inten	JI
GosVL18_aritm	JI
GosVL19_pujsk	JI
GosVL20_zumer	JI
GosVL21_poraz	JI
GosVL22_siste	JI
GosVL23_jeklo	JI
GosVL24_inter	JI
GosVL25_nanom	JI
GosVL26_slova	JI
GosVL27_zagar	JI
GosVL28_reber	JI
GosVL29_hladn	JI
GosVL30_kramb	JI
GosVL31_plesn	JI
GosVL32_temen	JI
GosVL33_erjav	JI
GosVL34_druzb	JI
GosVL35_vicar	JI
GosVL36_bozan	JI
GosVL37_zadel	JI
GosVL38_remsk	JI
GosVL39_skrek	JI
GosVL40_dobra	JI
GosVL41_custv	JI
GosVL42_kovac	JI
GosVL43_ramsa	JI
GosVL44_mramo	JI
GosVL45_tinta	JI
GosVL46_peter	JI
GosVL47_algeb	JI
GosVL48_vavpo	JI
GosVL49_izobr	JI
GosVL50_smole	JI
GosVL51_horva	JI
GosVL52_bezge	JI
GosVL53_sirok	JI
GosVL54_mrhar	JI
GosVL55_vrabe	JI
Artur-J-Gvecg-P500001	JI
Artur-J-Gvecg-P500002	JI
Artur-J-Gvecg-P500013	JI
Artur-J-Gvecg-P500014	JI
Artur-J-Gvecg-P500015	JI
Artur-J-Gvecg-P500016	JI
Artur-J-Gvecg-P500020	JI
Artur-J-Gvecg-P500021	JI
Artur-J-Gvecg-P500024	JI
Artur-J-Gvecg-P500025	JI
Artur-J-Gvecg-P500026	JI
Artur-J-Gvecg-P500027	JI
Artur-J-Gvecg-P500028	JI
Artur-J-Gvecg-P500029	JI
Artur-J-Gvecg-P500030	JI
Artur-J-Gvecg-P500032	JI
Artur-J-Gvecg-P500034	JI
Artur-J-Gvecg-P500035	JI
Artur-J-Gvecg-P500036	JI
Artur-J-Gvecg-P500037	JI
Artur-J-Gvecg-P500039	JI
Artur-J-Gvecg-P500040	JI
Artur-J-Gvecg-P500041	JI
Artur-J-Gvecg-P500042	JI
Artur-J-Gvecg-P500043	JI
Artur-J-Gvecg-P500045	JI
Artur-J-Gvecg-P500046	JI
Artur-J-Gvecg-P500047	JI
Artur-J-Gvecg-P500048	JI
Artur-J-Gvecg-P500050	JI
Artur-J-Gvecg-P500051	JI
Artur-J-Gvecg-P500053	JI
Artur-J-Gvecg-P500054	JI
Artur-J-Gvecg-P500055	JI
Artur-J-Gvecg-P500056	JI
Artur-J-Gvecg-P500057	JI
Artur-J-Gvecg-P500058	JI
Artur-J-Gvecg-P500059	JI
Artur-J-Gvecg-P500060	JI
Artur-J-Gvecg-P500061	JI
Artur-J-Gvecg-P500062	JI
Artur-J-Gvecg-P500063	JI
Artur-J-Gvecg-P500064	JI
Artur-J-Gvecg-P580001	JI
Artur-J-Gvecg-P580002	JI
Artur-J-Gvecg-P580003	JI
Artur-J-Gvecg-P580004	JI
Artur-J-Gvecg-P580005	JI
Artur-J-Gvecg-P580006	JI
Artur-J-Gvecg-P580007	JI
Artur-J-Gvecg-P580008	JI
Artur-J-Gvecg-P580009	JI
Artur-J-Gvecg-P580010	JI
Artur-J-Gvecg-P580011	JI
Artur-J-Gvecg-P580012	JI
Artur-J-Gvecg-P580013	JI
Artur-J-Gvecg-P580014	JI
Artur-J-Gvecg-P580015	JI
Artur-J-Gvecg-P580016	JI
Artur-J-Gvecg-P580017	JI
Artur-J-Gvecg-P580019	JI
Artur-J-Gvecg-P580020	JI
Artur-J-Gvecg-P580021	JI
Artur-J-Gvecg-P580022	JI
Artur-J-Gvecg-P580023	JI
Artur-J-Gvecg-P580024	JI
Artur-J-Gvecg-P580025	JI
Artur-J-Gvecg-P580026	JI
Artur-J-Gvecg-P580027	JI
Artur-J-Gvecg-P580028	JI
Artur-J-Gvecg-P580029	JI
Artur-J-Gvecg-P580030	JI
Artur-J-Gvecg-P580031	JI
Artur-J-Gvecg-P580032	JI
Artur-J-Gvecg-P580033	JI
Artur-J-Gvecg-P580034	JI
Artur-J-Gvecg-P580035	JI
Artur-J-Gvecg-P580036	JI
Artur-J-Gvecg-P580037	JI
Artur-J-Gvecg-P580038	JI
Artur-J-Gvecg-P580039	JI
Artur-J-Gvecg-P580040	JI
Artur-J-Gvecg-P580041	JI
Artur-J-Gvecg-P580042	JI
Artur-J-Gvecg-P580043	JI
Artur-J-Gvecg-P580044	JI
Artur-J-Gvecg-P580046	JI
Artur-J-Gvecg-P580047	JI
Artur-J-Gvecg-P580048	JI
Artur-J-Gvecg-P580049	JI
Artur-J-Gvecg-P580050	JI
Artur-J-Gvecg-P580051	JI
Artur-N-G5001-P600001	NZ
Artur-N-G5002-P600001	NZ
Artur-N-G5003-P600002	NZ
Artur-N-G5004-P600002	NZ
Artur-N-G5005-P600003	NZ
Artur-N-G5006-P600003	NZ
Artur-N-G5007-P600004	NZ
Artur-N-G5008-P600004	NZ
Artur-N-G5009-P600005	NZ
Artur-N-G5011-P600005	NZ
Artur-N-G5013-P600007	NZ
Artur-N-G5014-P600007	NZ
Artur-N-G5015-P600008	NZ
Artur-N-G5016-P600008	NZ
Artur-N-G5017-P600009	NZ
Artur-N-G5017-P600010	NZ
Artur-N-G5018-P600009	NZ
Artur-N-G5018-P600011	NZ
Artur-N-G5019-P600012	NZ
Artur-N-G5019-P600013	NZ
Artur-N-G5020-P600012	NZ
Artur-N-G5020-P600014	NZ
Artur-N-G5021-P600015	NZ
Artur-N-G5021-P600016	NZ
Artur-N-G5022-P600015	NZ
Artur-N-G5022-P600017	NZ
Artur-N-G5023-P600018	NZ
Artur-N-G5023-P600019	NZ
Artur-N-G5024-P600018	NZ
Artur-N-G5024-P600020	NZ
Artur-N-G5025-P600021	NZ
Artur-N-G5025-P600022	NZ
Artur-N-G5026-P600021	NZ
Artur-N-G5026-P600023	NZ
Artur-N-G5027-P600024	NZ
Artur-N-G5027-P600025	NZ
Artur-N-G5028-P600024	NZ
Artur-N-G5028-P600026	NZ
Artur-N-G5029-P600027	NZ
Artur-N-G5029-P600028	NZ
Artur-N-G5030-P600027	NZ
Artur-N-G5030-P600029	NZ
Artur-N-G5033-P600031	NZ
Artur-N-G5033-P600032	NZ
Artur-N-G5034-P600031	NZ
Artur-N-G5034-P600033	NZ
Artur-N-G5035-P600034	NZ
Artur-N-G5036-P600034	NZ
Artur-N-G5037-P600035	NZ
Artur-N-G5037-P600036	NZ
Artur-N-G5038-P600035	NZ
Artur-N-G5038-P600037	NZ
Artur-N-G5039-P600039	NZ
Artur-N-G5040-P600040	NZ
Artur-N-G5041-P600042	NZ
Artur-N-G5042-P600043	NZ
Artur-N-G5043-P600044	NZ
Artur-N-G5044-P600044	NZ
Artur-N-G5045-P600046	NZ
Artur-N-G5046-P600047	NZ
Artur-N-G5049-P600049	NZ
Artur-N-G5050-P600049	NZ
Artur-N-G5051-P600501	NZ
Artur-N-G5053-P600052	NZ
Artur-N-G5054-P600052	NZ
Artur-N-G5059-P600055	NZ
Artur-N-G5060-P600055	NZ
Artur-N-G5061-P600561	NZ
Artur-N-G5062-P600057	NZ
Artur-N-G5063-P600581	NZ
Artur-N-G5064-P600591	NZ
Artur-N-G5065-P600601	NZ
Artur-N-G5066-P600611	NZ
Artur-N-G5068-P600063	NZ
Artur-N-G5068-P600064	NZ
Artur-N-G5069-P600063	NZ
Artur-N-G5069-P600065	NZ
Artur-N-G5071-P600067	NZ
Artur-N-G5072-P600068	NZ
Artur-N-G5073-P600069	NZ
Artur-N-G5075-P600071	NZ
Artur-N-G5076-P600072	NZ
Artur-N-G5076-P600073	NZ
Artur-N-G5077-P600072	NZ
Artur-N-G5077-P600074	NZ
Artur-N-G5078-P600075	NZ
Artur-N-G5078-P600076	NZ
Artur-N-G5079-P600075	NZ
Artur-N-G5079-P600077	NZ
Artur-N-G5080-P600781	NZ
Artur-N-G5081-P600791	NZ
Artur-N-G5082-P600080	NZ
Artur-N-G5082-P600081	NZ
Artur-N-G5083-P600080	NZ
Artur-N-G5083-P600082	NZ
Artur-N-G5084-P600831	NZ
Artur-N-G5085-P600841	NZ
Artur-N-G5087-P600861	NZ
Artur-N-G5088-P600087	NZ
Artur-N-G5088-P600088	NZ
Artur-N-G5089-P600087	NZ
Artur-N-G5089-P600089	NZ
Artur-N-G5091-P600911	NZ
Artur-N-G5093-P600921	NZ
Artur-N-G5097-P600096	NZ
Artur-N-G5098-P600098	NZ
Artur-N-G5099-P600100	NZ
Artur-N-G5100-P600102	NZ
Artur-N-G5132-P601311	NZ
Artur-N-G5133-P601321	NZ
Artur-N-G5134-P600133	NZ
Artur-N-G5134-P600134	NZ
Artur-N-G6001-P600102	NZ
Artur-N-G6003-P003004	NZ
Artur-N-G6007-P600702	NZ
Artur-N-G6009-P600902	NZ
Artur-N-G6011-P601102	NZ
Artur-N-G6012-P601201	NZ
Artur-N-G6014-P601402	NZ
Artur-N-G6025-P602501	NZ
Artur-N-G6026-P602602	NZ
Artur-N-G6027-P602701	NZ
Artur-N-G6031-P603102	NZ
Artur-N-G6037-P603702	NZ
Artur-N-G6038-P603802	NZ
Artur-N-G6040-P604002	NZ
Artur-N-G6043-P604301	NZ
Artur-N-G6044-P604402	NZ
Artur-N-G6045-P604501	NZ
Artur-N-G6046-P604602	NZ
Artur-N-G6047-P604702	NZ
Artur-N-G6050-P605001	NZ
Artur-N-G6051-P605101	NZ
Artur-N-G6052-P605202	NZ
Artur-N-G6053-P605302	NZ
Artur-N-G6055-P605501	NZ
Artur-N-G6057-P605701	NZ
Artur-N-G6059-P605901	NZ
Artur-N-G6060-P606001	NZ
Artur-N-G6061-P606102	NZ
Artur-N-G6063-P606301	NZ
Artur-N-G6068-P606801	NZ
Artur-N-G6069-P606901	NZ
Artur-N-G6070-P607002	NZ
Artur-N-G6072-P607202	NZ
Artur-N-G6074-P607402	NZ
Artur-N-G6077-P607701	NZ
Artur-N-G6078-P607801	NZ
Artur-N-G6080-P608002	NZ
Artur-N-G6081-P608101	NZ
Artur-N-G6082-P608201	NZ
Artur-N-G6083-P608301	NZ
Artur-N-G6084-P608401	NZ
Artur-N-G6085-P608502	NZ
Artur-N-G6086-P608602	NZ
Artur-N-G6087-P608702	NZ
Artur-N-G6088-P608802	NZ
Artur-N-G6092-P609202	NZ
Artur-N-G6093-P609301	NZ
Artur-N-G6094-P609401	NZ
Artur-N-G6095-P609502	NZ
Artur-N-G6096-P609602	NZ
Artur-N-G6097-P609702	NZ
Artur-N-G6100-P610002	NZ
Artur-N-G6103-P610302	NZ
Artur-N-G6104-P610401	NZ
Artur-N-G6105-P610501	NZ
Artur-N-G6106-P610601	NZ
Artur-N-G6108-P610801	NZ
Artur-N-G6112-P611202	NZ
Artur-N-G6116-P611601	NZ
Artur-N-G6117-P611702	NZ
Artur-N-G6118-P611802	NZ
Artur-N-G6119-P611902	NZ
Artur-N-G6120-P612002	NZ
Artur-N-G6121-P612102	NZ
Artur-N-G6125-P612501	NZ
Artur-N-G6127-P612701	NZ
Artur-N-G6132-P613201	NZ
Artur-N-G6133-P613302	NZ
Artur-N-G6134-P134135	NZ
Artur-N-G6135-P134135	NZ
Artur-N-G6162-P616202	NZ
Artur-N-G6163-P616302	NZ
Artur-N-G6170-P617002	NZ
Artur-N-G6171-P617102	NZ
Artur-N-G6172-P617202	NZ
Artur-P-G7001-P700192	JI
Artur-P-G7001-P700199	JI
Artur-P-G7001-P700200	JI
Artur-P-G7001-P700440	JI
Artur-P-G7002-P700434	JI
Artur-P-G7002-P700442	JI
Artur-P-G7002-P700444	JI
Artur-P-G7003-P700433	JI
Artur-P-G7003-P700452	JI
Artur-P-G7004-P705621	JI
Artur-P-G7004-P708094	JI
Artur-P-G7005-P701622	JI
Artur-P-G7005-P701679	JI
Artur-P-G7005-P701734	JI
Artur-P-G7005-P701937	JI
Artur-P-G7005-P702051	JI
Artur-P-G7005-P702053	JI
Artur-P-G7006-P705283	JI
Artur-P-G7007-P705496	JI
Artur-P-G7007-P708039	JI
Artur-P-G7007-P708045	JI
Artur-P-G7008-P700618	JI
Artur-P-G7008-P700620	JI
Artur-P-G7008-P700631	JI
Artur-P-G7008-P700633	JI
Artur-P-G7008-P700654	JI
Artur-P-G7008-P700656	JI
Artur-P-G7008-P700658	JI
Artur-P-G7008-P700660	JI
Artur-P-G7008-P701181	JI
Artur-P-G7009-P700033	JI
Artur-P-G7009-P700099	JI
Artur-P-G7009-P700101	JI
Artur-P-G7009-P700728	JI
Artur-P-G7009-P700730	JI
Artur-P-G7009-P700949	JI
Artur-P-G7009-P700993	JI
Artur-P-G7009-P701301	JI
Artur-P-G7009-P701366	JI
Artur-P-G7009-P701467	JI
Artur-P-G7009-P701598	JI
Artur-P-G7010-P700944	JI
Artur-P-G7010-P700988	JI
Artur-P-G7010-P701860	JI
Artur-P-G7011-P708222	JI
Artur-P-G7011-P708223	JI
Artur-P-G7012-P708069	JI
Artur-P-G7013-P700278	JI
Artur-P-G7013-P700287	JI
Artur-P-G7013-P700289	JI
Artur-P-G7013-P700292	JI
Artur-P-G7013-P700304	JI
Artur-P-G7014-P700113	JI
Artur-P-G7014-P700188	JI
Artur-P-G7014-P700223	JI
Artur-P-G7014-P700830	JI
Artur-P-G7014-P700857	JI
Artur-P-G7014-P700863	JI
Artur-P-G7015-P700055	JI
Artur-P-G7015-P700057	JI
Artur-P-G7015-P700078	JI
Artur-P-G7015-P700081	JI
Artur-P-G7015-P700083	JI
Artur-P-G7015-P700086	JI
Artur-P-G7015-P700088	JI
Artur-P-G7015-P700095	JI
Artur-P-G7015-P700097	JI
Artur-P-G7015-P700100	JI
Artur-P-G7015-P700640	JI
Artur-P-G7016-P700063	JI
Artur-P-G7016-P700340	JI
Artur-P-G7016-P700407	JI
Artur-P-G7017-P700193	JI
Artur-P-G7017-P700717	JI
Artur-P-G7017-P701096	JI
Artur-P-G7017-P701116	JI
Artur-P-G7017-P701121	JI
Artur-P-G7017-P701127	JI
Artur-P-G7017-P701164	JI
Artur-P-G7018-P700411	JI
Artur-P-G7018-P701827	JI
Artur-P-G7018-P708083	JI
Artur-P-G7019-P700675	JI
Artur-P-G7019-P700677	JI
Artur-P-G7019-P705572	JI
Artur-P-G7020-P700187	JI
Artur-P-G7020-P700234	JI
Artur-P-G7020-P700435	JI
Artur-P-G7022-P700820	JI
Artur-P-G7024-P700376	JI
Artur-P-G7024-P700410	JI
Artur-P-G7024-P700578	JI
Artur-P-G7024-P700580	JI
Artur-P-G7024-P700582	JI
Artur-P-G7024-P700826	JI
Artur-P-G7024-P700829	JI
Artur-P-G7025-P700204	JI
Artur-P-G7025-P700431	JI
Artur-P-G7025-P700445	JI
Artur-P-G7025-P700679	JI
Artur-P-G7025-P700822	JI
Artur-P-G7025-P700869	JI
Artur-P-G7025-P701356	JI
Artur-P-G7026-P700080	JI
Artur-P-G7026-P700082	JI
Artur-P-G7026-P700084	JI
Artur-P-G7026-P700102	JI
Artur-P-G7026-P700110	JI
Artur-P-G7026-P700323	JI
Artur-P-G7026-P700336	JI
Artur-P-G7027-P708115	JI
Artur-P-G7029-P705506	JI
Artur-P-G7029-P708048	JI
Artur-P-G7030-P700134	JI
Artur-P-G7030-P700144	JI
Artur-P-G7030-P700150	JI
Artur-P-G7030-P700536	JI
Artur-P-G7030-P700552	JI
Artur-P-G7030-P700555	JI
Artur-P-G7030-P701547	JI
Artur-P-G7030-P701558	JI
Artur-P-G7030-P701569	JI
Artur-P-G7031-P700603	JI
Artur-P-G7031-P700605	JI
Artur-P-G7031-P700724	JI
Artur-P-G7031-P700726	JI
Artur-P-G7031-P701323	JI
Artur-P-G7031-P701326	JI
Artur-P-G7032-P700022	JI
Artur-P-G7032-P700032	JI
Artur-P-G7032-P700069	JI
Artur-P-G7032-P700613	JI
Artur-P-G7032-P700668	JI
Artur-P-G7032-P700682	JI
Artur-P-G7032-P700684	JI
Artur-P-G7032-P701214	JI
Artur-P-G7034-P700048	JI
Artur-P-G7034-P700918	JI
Artur-P-G7034-P701166	JI
Artur-P-G7034-P701168	JI
Artur-P-G7034-P701170	JI
Artur-P-G7034-P701620	JI
Artur-P-G7034-P701799	JI
Artur-P-G7034-P702217	JI
Artur-P-G7034-P702220	JI
Artur-P-G7034-P702223	JI
Artur-P-G7036-P701111	JI
Artur-P-G7036-P701113	JI
Artur-P-G7036-P701119	JI
Artur-P-G7036-P701130	JI
Artur-P-G7036-P701237	JI
Artur-P-G7036-P701239	JI
Artur-P-G7038-P701180	JI
Artur-P-G7038-P701591	JI
Artur-P-G7039-P705627	JI
Artur-P-G7040-P700343	JI
Artur-P-G7041-P700469	JI
Artur-P-G7041-P700935	JI
Artur-P-G7041-P701302	JI
Artur-P-G7041-P701427	JI
Artur-P-G7041-P701501	JI
Artur-P-G7041-P701535	JI
Artur-P-G7041-P701553	JI
Artur-P-G7042-P700958	JI
Artur-P-G7042-P701008	JI
Artur-P-G7042-P701365	JI
Artur-P-G7042-P701426	JI
Artur-P-G7043-P708178	JI
Artur-P-G7045-P705579	JI
Artur-P-G7046-P700367	JI
Artur-P-G7046-P700598	JI
Artur-P-G7046-P700601	JI
Artur-P-G7046-P700920	JI
Artur-P-G7046-P701081	JI
Artur-P-G7047-P705541	JI
Artur-P-G7047-P705544	JI
Artur-P-G7048-P700319	JI
Artur-P-G7048-P700573	JI
Artur-P-G7048-P701352	JI
Artur-P-G7048-P701370	JI
Artur-P-G7048-P702940	JI
Artur-P-G7048-P703590	JI
Artur-P-G7048-P703830	JI
Artur-P-G7049-P700010	JI
Artur-P-G7049-P700126	JI
Artur-P-G7049-P700130	JI
Artur-P-G7049-P700136	JI
Artur-P-G7049-P700149	JI
Artur-P-G7049-P700161	JI
Artur-P-G7049-P700214	JI
Artur-P-G7051-P700190	JI
Artur-P-G7051-P700377	JI
Artur-P-G7051-P700450	JI
Artur-P-G7051-P700957	JI
Artur-P-G7051-P701619	JI
Artur-P-G7051-P701871	JI
Artur-P-G7052-P700185	JI
Artur-P-G7052-P700201	JI
Artur-P-G7052-P701001	JI
Artur-P-G7052-P701257	JI
Artur-P-G7052-P701259	JI
Artur-P-G7052-P701379	JI
Artur-P-G7053-P700054	JI
Artur-P-G7053-P700056	JI
Artur-P-G7053-P700108	JI
Artur-P-G7053-P700237	JI
Artur-P-G7053-P700315	JI
Artur-P-G7053-P700329	JI
Artur-P-G7053-P700348	JI
Artur-P-G7053-P700504	JI
Artur-P-G7053-P700560	JI
Artur-P-G7053-P700808	JI
Artur-P-G7054-P700178	JI
Artur-P-G7054-P700183	JI
Artur-P-G7055-P700050	JI
Artur-P-G7055-P700052	JI
Artur-P-G7055-P700053	JI
Artur-P-G7055-P700138	JI
Artur-P-G7055-P700146	JI
Artur-P-G7055-P700154	JI
Artur-P-G7055-P700164	JI
Artur-P-G7055-P700174	JI
Artur-P-G7055-P700272	JI
Artur-P-G7055-P700373	JI
Artur-P-G7055-P700412	JI
Artur-P-G7056-P700031	JI
Artur-P-G7056-P700626	JI
Artur-P-G7056-P700627	JI
Artur-P-G7056-P701790	JI
Artur-P-G7056-P701953	JI
Artur-P-G7056-P701955	JI
Artur-P-G7056-P701957	JI
Artur-P-G7056-P702241	JI
Artur-P-G7056-P702243	JI
Artur-P-G7056-P702245	JI
Artur-P-G7056-P702664	JI
Artur-P-G7056-P702667	JI
Artur-P-G7056-P703122	JI
Artur-P-G7056-P703124	JI
Artur-P-G7056-P703484	JI
Artur-P-G7056-P703842	JI
Artur-P-G7056-P703844	JI
Artur-P-G7056-P703910	JI
Artur-P-G7056-P703912	JI
Artur-P-G7056-P703914	JI
Artur-P-G7057-P701390	JI
Artur-P-G7057-P701470	JI
Artur-P-G7057-P702362	JI
Artur-P-G7059-P700353	JI
Artur-P-G7059-P700363	JI
Artur-P-G7060-P700477	JI
Artur-P-G7060-P700550	JI
Artur-P-G7060-P700583	JI
Artur-P-G7060-P700585	JI
Artur-P-G7060-P700587	JI
Artur-P-G7060-P700912	JI
Artur-P-G7060-P700956	JI
Artur-P-G7060-P701138	JI
Artur-P-G7060-P701140	JI
Artur-P-G7060-P701142	JI
Artur-P-G7060-P701411	JI
Artur-P-G7061-P705402	JI
Artur-P-G7062-P700035	JI
Artur-P-G7062-P700037	JI
Artur-P-G7062-P700520	JI
Artur-P-G7062-P700895	JI
Artur-P-G7062-P701091	JI
Artur-P-G7064-P700219	JI
Artur-P-G7064-P700845	JI
Artur-P-G7064-P700848	JI
Artur-P-G7064-P700945	JI
Artur-P-G7064-P700994	JI
Artur-P-G7064-P701005	JI
Artur-P-G7064-P701063	JI
Artur-P-G7064-P701234	JI
Artur-P-G7064-P701236	JI
Artur-P-G7065-P700026	JI
Artur-P-G7065-P700028	JI
Artur-P-G7065-P700030	JI
Artur-P-G7065-P700705	JI
Artur-P-G7065-P700707	JI
Artur-P-G7065-P701064	JI
Artur-P-G7066-P700027	JI
Artur-P-G7066-P700029	JI
Artur-P-G7066-P700065	JI
Artur-P-G7066-P700067	JI
Artur-P-G7066-P700179	JI
Artur-P-G7066-P700642	JI
Artur-P-G7066-P700644	JI
Artur-P-G7066-P701209	JI
Artur-P-G7066-P701211	JI
Artur-P-G7067-P700230	JI
Artur-P-G7067-P700496	JI
Artur-P-G7067-P700528	JI
Artur-P-G7067-P700639	JI
Artur-P-G7067-P700909	JI
Artur-P-G7067-P700959	JI
Artur-P-G7067-P701010	JI
Artur-P-G7067-P701843	JI
Artur-P-G7067-P701964	JI
Artur-P-G7067-P701966	JI
Artur-P-G7067-P702165	JI
Artur-P-G7067-P702268	JI
Artur-P-G7067-P702270	JI
Artur-P-G7067-P702272	JI
Artur-P-G7067-P702881	JI
Artur-P-G7068-P700025	JI
Artur-P-G7068-P700060	JI
Artur-P-G7068-P700062	JI
Artur-P-G7068-P700070	JI
Artur-P-G7068-P700073	JI
Artur-P-G7068-P700716	JI
Artur-P-G7068-P700748	JI
Artur-P-G7068-P701167	JI
Artur-P-G7068-P701169	JI
Artur-P-G7068-P701191	JI
Artur-P-G7070-P700112	JI
Artur-P-G7070-P700120	JI
Artur-P-G7070-P700194	JI
Artur-P-G7070-P700232	JI
Artur-P-G7070-P700285	JI
Artur-P-G7070-P700311	JI
Artur-P-G7070-P700325	JI
Artur-P-G7071-P701004	JI
Artur-P-G7071-P701012	JI
Artur-P-G7071-P701273	JI
Artur-P-G7071-P701275	JI
Artur-P-G7071-P701398	JI
Artur-P-G7071-P701428	JI
Artur-P-G7073-P700167	JI
Artur-P-G7076-P700196	JI
Artur-P-G7076-P700432	JI
Artur-P-G7076-P700628	JI
Artur-P-G7076-P700870	JI
Artur-P-G7076-P701060	JI
Artur-P-G7076-P701100	JI
Artur-P-G7076-P701102	JI
Artur-P-G7078-P700403	JI
Artur-P-G7078-P700484	JI
Artur-P-G7078-P700576	JI
Artur-P-G7078-P700700	JI
Artur-P-G7078-P700702	JI
Artur-P-G7078-P700704	JI
Artur-P-G7078-P700792	JI
Artur-P-G7078-P700825	JI
Artur-P-G7079-P700381	JI
Artur-P-G7079-P700593	JI
Artur-P-G7079-P700595	JI
Artur-P-G7079-P700597	JI
Artur-P-G7079-P700745	JI
Artur-P-G7079-P700747	JI
Artur-P-G7079-P700749	JI
Artur-P-G7079-P701436	JI
Artur-P-G7079-P701444	JI
Artur-P-G7079-P701451	JI
Artur-P-G7080-P700019	JI
Artur-P-G7080-P700119	JI
Artur-P-G7080-P700129	JI
Artur-P-G7080-P700284	JI
Artur-P-G7080-P700937	JI
Artur-P-G7080-P700982	JI
Artur-P-G7080-P700991	JI
Artur-P-G7080-P701386	JI
Artur-P-G7083-P700155	JI
Artur-P-G7083-P700365	JI
Artur-P-G7083-P700390	JI
Artur-P-G7083-P700400	JI
Artur-P-G7083-P700418	JI
Artur-P-G7083-P700456	JI
Artur-P-G7083-P700916	JI
Artur-P-G7083-P700941	JI
Artur-P-G7085-P700024	JI
Artur-P-G7085-P700176	JI
Artur-P-G7085-P700184	JI
Artur-P-G7085-P700300	JI
Artur-P-G7085-P700302	JI
Artur-P-G7085-P701065	JI
Artur-P-G7085-P701092	JI
Artur-P-G7085-P701112	JI
Artur-P-G7087-P700267	JI
Artur-P-G7087-P700273	JI
Artur-P-G7087-P700414	JI
Artur-P-G7087-P700417	JI
Artur-P-G7087-P700423	JI
Artur-P-G7087-P700714	JI
Artur-P-G7088-P700162	JI
Artur-P-G7088-P700392	JI
Artur-P-G7088-P700395	JI
Artur-P-G7088-P700424	JI
Artur-P-G7088-P700463	JI
Artur-P-G7088-P700478	JI
Artur-P-G7088-P700480	JI
Artur-P-G7088-P700924	JI
Artur-P-G7088-P700985	JI
Artur-P-G7089-P700001	JI
Artur-P-G7089-P700003	JI
Artur-P-G7089-P700005	JI
Artur-P-G7089-P700986	JI
Artur-P-G7089-P701011	JI
Artur-P-G7089-P701115	JI
Artur-P-G7090-P705367	JI
Artur-P-G7090-P705368	JI
Artur-P-G7091-P700556	JI
Artur-P-G7092-P705583	JI
Artur-P-G7093-P708111	JI
Artur-P-G7095-P700608	JI
Artur-P-G7095-P700610	JI
Artur-P-G7095-P700623	JI
Artur-P-G7095-P700625	JI
Artur-P-G7095-P700629	JI
Artur-P-G7095-P700647	JI
Artur-P-G7095-P700649	JI
Artur-P-G7095-P700663	JI
Artur-P-G7095-P700665	JI
Artur-P-G7096-P700068	JI
Artur-P-G7096-P700197	JI
Artur-P-G7096-P700366	JI
Artur-P-G7096-P700379	JI
Artur-P-G7096-P700458	JI
Artur-P-G7096-P700490	JI
Artur-P-G7096-P700927	JI
Artur-P-G7097-P700072	JI
Artur-P-G7097-P700683	JI
Artur-P-G7097-P700850	JI
Artur-P-G7097-P700874	JI
Artur-P-G7097-P700910	JI
Artur-P-G7097-P700984	JI
Artur-P-G7097-P701477	JI
Artur-P-G7097-P701684	JI
Artur-P-G7098-P700117	JI
Artur-P-G7098-P700181	JI
Artur-P-G7098-P700266	JI
Artur-P-G7098-P700282	JI
Artur-P-G7099-P700058	JI
Artur-P-G7099-P700118	JI
Artur-P-G7099-P700175	JI
Artur-P-G7099-P700836	JI
Artur-P-G7099-P700868	JI
Artur-P-G7099-P700999	JI
Artur-P-G7099-P701013	JI
Artur-P-G7099-P701182	JI
Artur-P-G7099-P701184	JI
Artur-P-G7101-P705329	JI
Artur-P-G7103-P700077	JI
Artur-P-G7103-P700409	JI
Artur-P-G7103-P700415	JI
Artur-P-G7103-P700420	JI
Artur-P-G7104-P700551	JI
Artur-P-G7104-P700553	JI
Artur-P-G7104-P700718	JI
Artur-P-G7104-P700720	JI
Artur-P-G7104-P700722	JI
Artur-P-G7104-P700940	JI
Artur-P-G7104-P701073	JI
Artur-P-G7104-P701199	JI
Artur-P-G7104-P701201	JI
Artur-P-G7104-P701203	JI
Artur-P-G7105-P700089	JI
Artur-P-G7105-P700091	JI
Artur-P-G7105-P700093	JI
Artur-P-G7105-P700335	JI
Artur-P-G7105-P700488	JI
Artur-P-G7105-P700723	JI
Artur-P-G7105-P700725	JI
Artur-P-G7105-P700727	JI
Artur-P-G7109-P700198	JI
Artur-P-G7109-P700563	JI
Artur-P-G7109-P700780	JI
Artur-P-G7109-P700789	JI
Artur-P-G7109-P701382	JI
Artur-P-G7109-P701414	JI
Artur-P-G7112-P700090	JI
Artur-P-G7112-P700092	JI
Artur-P-G7112-P700697	JI
Artur-P-G7112-P700699	JI
Artur-P-G7112-P701195	JI
Artur-P-G7112-P701197	JI
Artur-P-G7112-P701242	JI
Artur-P-G7113-P700076	JI
Artur-P-G7113-P700160	JI
Artur-P-G7113-P700249	JI
Artur-P-G7113-P700346	JI
Artur-P-G7113-P700922	JI
Artur-P-G7113-P701153	JI
Artur-P-G7113-P701155	JI
Artur-P-G7113-P701157	JI
Artur-P-G7114-P705334	JI
Artur-P-G7114-P705335	JI
Artur-P-G7115-P708171	JI
Artur-P-G7115-P708173	JI
Artur-P-G7115-P708174	JI
Artur-P-G7116-P700074	JI
Artur-P-G7116-P700191	JI
Artur-P-G7116-P700574	JI
Artur-P-G7116-P700758	JI
Artur-P-G7117-P700121	JI
Artur-P-G7117-P700123	JI
Artur-P-G7117-P700252	JI
Artur-P-G7117-P700274	JI
Artur-P-G7117-P700443	JI
Artur-P-G7118-P701449	JI
Artur-P-G7118-P701452	JI
Artur-P-G7118-P701534	JI
Artur-P-G7118-P701540	JI
Artur-P-G7118-P702225	JI
Artur-P-G7118-P702798	JI
Artur-P-G7118-P702947	JI
Artur-P-G7119-P700125	JI
Artur-P-G7119-P700189	JI
Artur-P-G7119-P700258	JI
Artur-P-G7119-P700378	JI
Artur-P-G7119-P700430	JI
Artur-P-G7119-P700467	JI
Artur-P-G7120-P700177	JI
Artur-P-G7120-P700215	JI
Artur-P-G7120-P700216	JI
Artur-P-G7121-P700103	JI
Artur-P-G7121-P700226	JI
Artur-P-G7121-P700308	JI
Artur-P-G7121-P700344	JI
Artur-P-G7121-P700497	JI
Artur-P-G7121-P700557	JI
Artur-P-G7121-P700802	JI
Artur-P-G7121-P701571	JI
Artur-P-G7122-P700115	JI
Artur-P-G7122-P700180	JI
Artur-P-G7122-P700222	JI
Artur-P-G7122-P700294	JI
Artur-P-G7122-P700437	JI
Artur-P-G7122-P700473	JI
Artur-P-G7122-P700577	JI
Artur-P-G7122-P700773	JI
Artur-P-G7122-P700793	JI
Artur-P-G7122-P700841	JI
Artur-P-G7122-P701171	JI
Artur-P-G7122-P701537	JI
Artur-P-G7123-P700111	JI
Artur-P-G7123-P700231	JI
Artur-P-G7123-P700270	JI
Artur-P-G7123-P700324	JI
Artur-P-G7123-P700341	JI
Artur-P-G7123-P700350	JI
Artur-P-G7123-P700385	JI
Artur-P-G7123-P700508	JI
Artur-P-G7124-P700104	JI
Artur-P-G7124-P700233	JI
Artur-P-G7124-P700312	JI
Artur-P-G7124-P700326	JI
Artur-P-G7124-P700333	JI
Artur-P-G7124-P700368	JI
Artur-P-G7125-P700085	JI
Artur-P-G7125-P700087	JI
Artur-P-G7125-P700157	JI
Artur-P-G7125-P700310	JI
Artur-P-G7125-P700318	JI
Artur-P-G7125-P701489	JI
Artur-P-G7125-P701631	JI
Artur-P-G7125-P701698	JI
Artur-P-G7125-P702622	JI
Artur-P-G7126-P700043	JI
Artur-P-G7126-P700636	JI
Artur-P-G7126-P700638	JI
Artur-P-G7126-P700670	JI
Artur-P-G7126-P701085	JI
Artur-P-G7126-P701125	JI
Artur-P-G7126-P701262	JI
Artur-P-G7126-P701274	JI
Artur-P-G7129-P700321	JI
Artur-P-G7129-P700331	JI
Artur-P-G7129-P700334	JI
Artur-P-G7129-P700337	JI
Artur-P-G7129-P700342	JI
Artur-P-G7129-P700519	JI
Artur-P-G7130-P700079	JI
Artur-P-G7130-P700139	JI
Artur-P-G7130-P700147	JI
Artur-P-G7130-P700152	JI
Artur-P-G7130-P700457	JI
Artur-P-G7130-P700653	JI
Artur-P-G7130-P700655	JI
Artur-P-G7130-P700936	JI
Artur-P-G7130-P700938	JI
Artur-P-G7130-P701006	JI
Artur-P-G7130-P701287	JI
Artur-P-G7131-P700339	JI
Artur-P-G7131-P700828	JI
Artur-P-G7131-P700878	JI
Artur-P-G7132-P700036	JI
Artur-P-G7132-P700038	JI
Artur-P-G7132-P700051	JI
Artur-P-G7132-P700687	JI
Artur-P-G7132-P700706	JI
Artur-P-G7132-P700708	JI
Artur-P-G7132-P701187	JI
Artur-P-G7132-P701189	JI
Artur-P-G7132-P701278	JI
Artur-P-G7132-P701280	JI
Artur-P-G7132-P701297	JI
Artur-P-G7133-P700135	JI
Artur-P-G7133-P700137	JI
Artur-P-G7133-P700145	JI
Artur-P-G7133-P700151	JI
Artur-P-G7133-P700156	JI
Artur-P-G7133-P700166	JI
Artur-P-G7133-P700173	JI
Artur-P-G7133-P700320	JI
Artur-P-G7133-P700372	JI
Artur-P-G7134-P700227	JI
Artur-P-G7135-P701949	JI
Artur-P-G7135-P701951	JI
Artur-P-G7136-P701160	JI
Artur-P-G7136-P701162	JI
Artur-P-G7136-P701163	JI
Artur-P-G7136-P701165	JI
Artur-P-G7136-P701183	JI
Artur-P-G7136-P701185	JI
Artur-P-G7136-P701218	JI
Artur-P-G7136-P701220	JI
Artur-P-G7136-P701254	JI
Artur-P-G7138-P702126	JI
Artur-P-G7138-P702213	JI
Artur-P-G7138-P702215	JI
Artur-P-G7138-P702355	JI
Artur-P-G7138-P702535	JI
Artur-P-G7138-P702878	JI
Artur-P-G7138-P703116	JI
Artur-P-G7138-P703119	JI
Artur-P-G7138-P703703	JI
Artur-P-G7138-P703709	JI
Artur-P-G7139-P700141	JI
Artur-P-G7139-P700158	JI
Artur-P-G7139-P700169	JI
Artur-P-G7139-P700351	JI
Artur-P-G7139-P700681	JI
Artur-P-G7139-P700790	JI
Artur-P-G7139-P700803	JI
Artur-P-G7139-P701306	JI
Artur-P-G7139-P701308	JI
Artur-P-G7139-P701498	JI
Artur-P-G7140-P700034	JI
Artur-P-G7140-P700044	JI
Artur-P-G7140-P700046	JI
Artur-P-G7140-P700075	JI
Artur-P-G7140-P700686	JI
Artur-P-G7140-P700710	JI
Artur-P-G7140-P700712	JI
Artur-P-G7141-P700494	JI
Artur-P-G7141-P700516	JI
Artur-P-G7141-P700526	JI
Artur-P-G7141-P700534	JI
Artur-P-G7142-P705610	JI
Artur-P-G7142-P705612	JI
Artur-P-G7142-P705614	JI
Artur-P-G7142-P705617	JI
Artur-P-G7144-P700116	JI
Artur-P-G7144-P700236	JI
Artur-P-G7144-P700314	JI
Artur-P-G7144-P700397	JI
Artur-P-G7144-P700503	JI
Artur-P-G7144-P700559	JI
Artur-P-G7144-P700651	JI
Artur-P-G7144-P700807	JI
Artur-P-G7145-P700426	JI
Artur-P-G7145-P700429	JI
Artur-P-G7145-P700759	JI
Artur-P-G7145-P700766	JI
Artur-P-G7145-P700768	JI
Artur-P-G7145-P701380	JI
Artur-P-G7146-P700209	JI
Artur-P-G7146-P700567	JI
Artur-P-G7147-P700021	JI
Artur-P-G7147-P700094	JI
Artur-P-G7147-P700096	JI
Artur-P-G7147-P700098	JI
Artur-P-G7147-P700106	JI
Artur-P-G7147-P700235	JI
Artur-P-G7147-P700264	JI
Artur-P-G7147-P700313	JI
Artur-P-G7147-P700328	JI
Artur-P-G7147-P700347	JI
Artur-P-G7147-P700383	JI
Artur-P-G7149-P700309	JI
Artur-P-G7149-P701597	JI
Artur-P-G7149-P701651	JI
Artur-P-G7149-P701652	JI
Artur-P-G7149-P701737	JI
Artur-P-G7149-P702020	JI
Artur-P-G7149-P702022	JI
Artur-P-G7149-P702492	JI
Artur-P-G7149-P702832	JI
Artur-P-G7153-P701082	JI
Artur-P-G7153-P701538	JI
Artur-P-G7153-P701869	JI
Artur-P-G7153-P702368	JI
Artur-P-G7153-P703182	JI
Artur-P-G7153-P703184	JI
Artur-P-G7153-P703186	JI
Artur-P-G7153-P703494	JI
Artur-P-G7153-P703496	JI
Artur-P-G7153-P703915	JI
Artur-P-G7153-P703917	JI
Artur-P-G7153-P704280	JI
Artur-P-G7153-P704740	JI
Artur-P-G7154-P700023	JI
Artur-P-G7154-P700105	JI
Artur-P-G7154-P700143	JI
Artur-P-G7154-P700171	JI
Artur-P-G7154-P700195	JI
Artur-P-G7154-P700369	JI
Artur-P-G7154-P700461	JI
Artur-P-G7154-P700544	JI
Artur-P-G7155-P700131	JI
Artur-P-G7155-P700259	JI
Artur-P-G7155-P700279	JI
Artur-P-G7156-P700317	JI
Artur-P-G7158-P705327	JI
Artur-P-G7158-P708000	JI
Artur-P-G7158-P708004	JI
Artur-P-G7159-P700127	JI
Artur-P-G7159-P700203	JI
Artur-P-G7159-P700255	JI
Artur-P-G7159-P700290	JI
Artur-P-G7159-P700386	JI
Artur-P-G7159-P700388	JI
Artur-P-G7159-P700774	JI
Artur-P-G7159-P700819	JI
Artur-P-G7159-P700834	JI
Artur-P-G7160-P702670	JI
Artur-P-G7160-P702672	JI
Artur-P-G7161-P700900	JI
Artur-P-G7161-P700913	JI
Artur-P-G7162-P700206	JI
Artur-P-G7162-P700211	JI
Artur-P-G7162-P700218	JI
Artur-P-G7163-P700059	JI
Artur-P-G7163-P700061	JI
Artur-P-G7163-P700327	JI
Artur-P-G7163-P700371	JI
Artur-P-G7163-P700622	JI
Artur-P-G7163-P700624	JI
Artur-P-G7163-P700739	JI
Artur-P-G7163-P700741	JI
Artur-P-G7163-P700805	JI
Artur-P-G7163-P701003	JI
Artur-P-G7165-P700908	JI
Artur-P-G7165-P700915	JI
Artur-P-G7165-P700926	JI
Artur-P-G7165-P700928	JI
Artur-P-G7165-P700932	JI
Artur-P-G7165-P700934	JI
Artur-P-G7166-P700015	JI
Artur-P-G7166-P700017	JI
Artur-P-G7166-P700280	JI
Artur-P-G7166-P701407	JI
Artur-P-G7168-P700042	JI
Artur-P-G7168-P700045	JI
Artur-P-G7168-P700047	JI
Artur-P-G7168-P700114	JI
Artur-P-G7168-P700709	JI
Artur-P-G7168-P700711	JI
Artur-P-G7168-P700713	JI
Artur-P-G7168-P700743	JI
Artur-P-G7168-P701087	JI
Artur-P-G7168-P701217	JI
Artur-P-G7168-P701219	JI
Artur-P-G7169-P700122	JI
Artur-P-G7169-P700124	JI
Artur-P-G7169-P700268	JI
Artur-P-G7169-P700276	JI
Artur-P-G7169-P700281	JI
Artur-P-G7171-P700512	JI
Artur-P-G7171-P700514	JI
Artur-P-G7171-P700521	JI
Artur-P-G7171-P700523	JI
Artur-P-G7171-P700530	JI
Artur-P-G7171-P700667	JI
Artur-P-G7172-P700142	JI
Artur-P-G7172-P700148	JI
Artur-P-G7172-P700159	JI
Artur-P-G7172-P700170	JI
Artur-P-G7172-P700543	JI
Artur-P-G7172-P700688	JI
Artur-P-G7172-P700690	JI
Artur-P-G7172-P700921	JI
Artur-P-G7173-P700441	JI
Artur-P-G7173-P700755	JI
Artur-P-G7173-P700837	JI
Artur-P-G7173-P700972	JI
Artur-P-G7173-P700974	JI
Artur-P-G7173-P700979	JI
Artur-P-G7173-P701377	JI
Artur-P-G7173-P701727	JI
Artur-P-G7173-P702370	JI
Artur-P-G7173-P704212	JI
Artur-P-G7174-P703542	JI
Artur-P-G7174-P703544	JI
Artur-P-G7174-P703638	JI
Artur-P-G7174-P703648	JI
Artur-P-G7174-P703651	JI
Artur-P-G7174-P703693	JI
Artur-P-G7176-P705578	JI
Artur-P-G7177-P705407	JI
Artur-P-G7178-P700064	JI
Artur-P-G7178-P700066	JI
Artur-P-G7178-P700248	JI
Artur-P-G7178-P700250	JI
Artur-P-G7178-P700256	JI
Artur-P-G7179-P700428	JI
Artur-P-G7179-P700751	JI
Artur-P-G7179-P700776	JI
Artur-P-G7180-P700541	JI
Artur-P-G7180-P700919	JI
Artur-P-G7180-P701384	JI
Artur-P-G7180-P701561	JI
Artur-P-G7180-P701593	JI
Artur-P-G7180-P701800	JI
Artur-P-G7180-P702332	JI
Artur-P-G7180-P703639	JI
Artur-P-G7181-P700228	JI
Artur-P-G7181-P701523	JI
Artur-P-G7181-P701959	JI
Artur-P-G7181-P701962	JI
Artur-P-G7181-P701965	JI
Artur-P-G7181-P701967	JI
Artur-P-G7181-P701981	JI
Artur-P-G7181-P701983	JI
Artur-P-G7181-P701985	JI
Artur-P-G7181-P701995	JI
Artur-P-G7183-P700525	JI
Artur-P-G7183-P700529	JI
Artur-P-G7183-P700532	JI
Artur-P-G7183-P700779	JI
Artur-P-G7183-P701158	JI
Artur-P-G7185-P700361	JI
Artur-P-G7185-P700493	JI
Artur-P-G7185-P700505	JI
Artur-P-G7185-P700507	JI
Artur-P-G7185-P700509	JI
Artur-P-G7187-P701954	JI
Artur-P-G7187-P701956	JI
Artur-P-G7187-P701988	JI
Artur-P-G7187-P701991	JI
Artur-P-G7188-P700002	JI
Artur-P-G7188-P700004	JI
Artur-P-G7188-P700007	JI
Artur-P-G7188-P700009	JI
Artur-P-G7188-P700012	JI
Artur-P-G7188-P700014	JI
Artur-P-G7188-P700016	JI
Artur-P-G7188-P700018	JI
Artur-P-G7188-P700020	JI
Artur-P-G7188-P700579	JI
Artur-P-G7189-P700210	JI
Artur-P-G7189-P700224	JI
Artur-P-G7190-P700165	JI
Artur-P-G7190-P700362	JI
Artur-P-G7190-P700374	JI
Artur-P-G7191-P700011	JI
Artur-P-G7191-P700013	JI
Artur-P-G7191-P700109	JI
Artur-P-G7191-P700229	JI
Artur-P-G7191-P700316	JI
Artur-P-G7191-P700349	JI
Artur-P-G7191-P700439	JI
Artur-P-G7191-P700447	JI
Artur-P-G7191-P700495	JI
Artur-P-G7191-P700561	JI
Artur-P-G7191-P700571	JI
Artur-P-G7191-P700692	JI
Artur-P-G7192-P705401	JI
Artur-P-G7195-P701510	JI
Artur-P-G7195-P701514	JI
Artur-P-G7195-P701516	JI
Artur-P-G7195-P701518	JI
Artur-P-G7196-P700427	JI
Artur-P-G7197-P700569	JI
Artur-P-G7197-P700696	JI
Artur-P-G7197-P700698	JI
Artur-P-G7197-P700907	JI
Artur-P-G7197-P700953	JI
Artur-P-G7198-P703443	JI
Artur-P-G7198-P703445	JI
Artur-P-G7198-P703589	JI
Artur-P-G7198-P703699	JI
Artur-P-G7198-P703863	JI
Artur-P-G7198-P704242	JI
Artur-P-G7198-P704632	JI
Artur-P-G7198-P704900	JI
Artur-P-G7198-P704902	JI
Artur-P-G7198-P705193	JI
Artur-P-G7199-P705145	JI
Artur-P-G7199-P705148	JI
Artur-P-G7200-P700402	JI
Artur-P-G7200-P700485	JI
Artur-P-G7200-P700487	JI
Artur-P-G7200-P700635	JI
Artur-P-G7200-P700637	JI
Artur-P-G7200-P700791	JI
Artur-P-G7200-P703896	JI
Artur-P-G7200-P703898	JI
Artur-P-G7200-P703900	JI
Artur-P-G7201-P700182	JI
Artur-P-G7201-P701412	JI
Artur-P-G7201-P701589	JI
Artur-P-G7202-P705471	JI
Artur-P-G7202-P708031	JI
Artur-P-G7203-P700132	JI
Artur-P-G7203-P700186	JI
Artur-P-G7203-P700202	JI
Artur-P-G7203-P700257	JI
Artur-P-G7203-P700295	JI
Artur-P-G7203-P700297	JI
Artur-P-G7203-P700824	JI